--
-- PostgreSQL database dump
--

-- Dumped from database version 14.9 (Ubuntu 14.9-0ubuntu0.22.04.1)
-- Dumped by pg_dump version 14.9 (Ubuntu 14.9-0ubuntu0.22.04.1)

SET statement_timeout = 0;
SET lock_timeout = 0;
SET idle_in_transaction_session_timeout = 0;
SET client_encoding = 'UTF8';
SET standard_conforming_strings = on;
SELECT pg_catalog.set_config('search_path', '', false);
SET check_function_bodies = false;
SET xmloption = content;
SET client_min_messages = warning;
SET row_security = off;

SET default_tablespace = '';

SET default_table_access_method = heap;

--
-- Name: auth_group; Type: TABLE; Schema: public; Owner: postgres
--

CREATE TABLE public.auth_group (
    id integer NOT NULL,
    name character varying(150) NOT NULL
);


ALTER TABLE public.auth_group OWNER TO postgres;

--
-- Name: auth_group_id_seq; Type: SEQUENCE; Schema: public; Owner: postgres
--

ALTER TABLE public.auth_group ALTER COLUMN id ADD GENERATED BY DEFAULT AS IDENTITY (
    SEQUENCE NAME public.auth_group_id_seq
    START WITH 1
    INCREMENT BY 1
    NO MINVALUE
    NO MAXVALUE
    CACHE 1
);


--
-- Name: auth_group_permissions; Type: TABLE; Schema: public; Owner: postgres
--

CREATE TABLE public.auth_group_permissions (
    id bigint NOT NULL,
    group_id integer NOT NULL,
    permission_id integer NOT NULL
);


ALTER TABLE public.auth_group_permissions OWNER TO postgres;

--
-- Name: auth_group_permissions_id_seq; Type: SEQUENCE; Schema: public; Owner: postgres
--

ALTER TABLE public.auth_group_permissions ALTER COLUMN id ADD GENERATED BY DEFAULT AS IDENTITY (
    SEQUENCE NAME public.auth_group_permissions_id_seq
    START WITH 1
    INCREMENT BY 1
    NO MINVALUE
    NO MAXVALUE
    CACHE 1
);


--
-- Name: auth_permission; Type: TABLE; Schema: public; Owner: postgres
--

CREATE TABLE public.auth_permission (
    id integer NOT NULL,
    name character varying(255) NOT NULL,
    content_type_id integer NOT NULL,
    codename character varying(100) NOT NULL
);


ALTER TABLE public.auth_permission OWNER TO postgres;

--
-- Name: auth_permission_id_seq; Type: SEQUENCE; Schema: public; Owner: postgres
--

ALTER TABLE public.auth_permission ALTER COLUMN id ADD GENERATED BY DEFAULT AS IDENTITY (
    SEQUENCE NAME public.auth_permission_id_seq
    START WITH 1
    INCREMENT BY 1
    NO MINVALUE
    NO MAXVALUE
    CACHE 1
);


--
-- Name: authentication_customuser; Type: TABLE; Schema: public; Owner: postgres
--

CREATE TABLE public.authentication_customuser (
    id bigint NOT NULL,
    password character varying(255) NOT NULL,
    last_login timestamp with time zone NOT NULL,
    email character varying(50) NOT NULL,
    name character varying(20) NOT NULL,
    surname character varying(20) NOT NULL,
    is_active boolean NOT NULL,
    is_staff boolean NOT NULL,
    is_superuser boolean NOT NULL
);


ALTER TABLE public.authentication_customuser OWNER TO postgres;

--
-- Name: authentication_customuser_id_seq; Type: SEQUENCE; Schema: public; Owner: postgres
--

ALTER TABLE public.authentication_customuser ALTER COLUMN id ADD GENERATED BY DEFAULT AS IDENTITY (
    SEQUENCE NAME public.authentication_customuser_id_seq
    START WITH 1
    INCREMENT BY 1
    NO MINVALUE
    NO MAXVALUE
    CACHE 1
);


--
-- Name: authtoken_token; Type: TABLE; Schema: public; Owner: postgres
--

CREATE TABLE public.authtoken_token (
    key character varying(40) NOT NULL,
    created timestamp with time zone NOT NULL,
    user_id bigint NOT NULL
);


ALTER TABLE public.authtoken_token OWNER TO postgres;

--
-- Name: django_admin_log; Type: TABLE; Schema: public; Owner: postgres
--

CREATE TABLE public.django_admin_log (
    id integer NOT NULL,
    action_time timestamp with time zone NOT NULL,
    object_id text,
    object_repr character varying(200) NOT NULL,
    action_flag smallint NOT NULL,
    change_message text NOT NULL,
    content_type_id integer,
    user_id bigint NOT NULL,
    CONSTRAINT django_admin_log_action_flag_check CHECK ((action_flag >= 0))
);


ALTER TABLE public.django_admin_log OWNER TO postgres;

--
-- Name: django_admin_log_id_seq; Type: SEQUENCE; Schema: public; Owner: postgres
--

ALTER TABLE public.django_admin_log ALTER COLUMN id ADD GENERATED BY DEFAULT AS IDENTITY (
    SEQUENCE NAME public.django_admin_log_id_seq
    START WITH 1
    INCREMENT BY 1
    NO MINVALUE
    NO MAXVALUE
    CACHE 1
);


--
-- Name: django_content_type; Type: TABLE; Schema: public; Owner: postgres
--

CREATE TABLE public.django_content_type (
    id integer NOT NULL,
    app_label character varying(100) NOT NULL,
    model character varying(100) NOT NULL
);


ALTER TABLE public.django_content_type OWNER TO postgres;

--
-- Name: django_content_type_id_seq; Type: SEQUENCE; Schema: public; Owner: postgres
--

ALTER TABLE public.django_content_type ALTER COLUMN id ADD GENERATED BY DEFAULT AS IDENTITY (
    SEQUENCE NAME public.django_content_type_id_seq
    START WITH 1
    INCREMENT BY 1
    NO MINVALUE
    NO MAXVALUE
    CACHE 1
);


--
-- Name: django_migrations; Type: TABLE; Schema: public; Owner: postgres
--

CREATE TABLE public.django_migrations (
    id bigint NOT NULL,
    app character varying(255) NOT NULL,
    name character varying(255) NOT NULL,
    applied timestamp with time zone NOT NULL
);


ALTER TABLE public.django_migrations OWNER TO postgres;

--
-- Name: django_migrations_id_seq; Type: SEQUENCE; Schema: public; Owner: postgres
--

ALTER TABLE public.django_migrations ALTER COLUMN id ADD GENERATED BY DEFAULT AS IDENTITY (
    SEQUENCE NAME public.django_migrations_id_seq
    START WITH 1
    INCREMENT BY 1
    NO MINVALUE
    NO MAXVALUE
    CACHE 1
);


--
-- Name: django_session; Type: TABLE; Schema: public; Owner: postgres
--

CREATE TABLE public.django_session (
    session_key character varying(40) NOT NULL,
    session_data text NOT NULL,
    expire_date timestamp with time zone NOT NULL
);


ALTER TABLE public.django_session OWNER TO postgres;

--
-- Name: profiles_profile; Type: TABLE; Schema: public; Owner: postgres
--

CREATE TABLE public.profiles_profile (
    id integer NOT NULL,
    name character varying(50) NOT NULL,
    is_registered boolean NOT NULL,
    is_startup boolean NOT NULL,
    person_position character varying(50) NOT NULL,
    official_name character varying(255) NOT NULL,
    common_info character varying(255) NOT NULL,
    phone character varying(12) NOT NULL,
    edrpou integer NOT NULL,
    founded smallint NOT NULL,
    service_info text NOT NULL,
    product_info text NOT NULL,
    address text NOT NULL,
    startup_idea text NOT NULL,
    is_deleted boolean NOT NULL,
    person_id_id bigint NOT NULL
);


ALTER TABLE public.profiles_profile OWNER TO postgres;

--
-- Name: profiles_profile_id_seq; Type: SEQUENCE; Schema: public; Owner: postgres
--

ALTER TABLE public.profiles_profile ALTER COLUMN id ADD GENERATED BY DEFAULT AS IDENTITY (
    SEQUENCE NAME public.profiles_profile_id_seq
    START WITH 1
    INCREMENT BY 1
    NO MINVALUE
    NO MAXVALUE
    CACHE 1
);


--
-- Name: profiles_profilesactivity; Type: TABLE; Schema: public; Owner: postgres
--

CREATE TABLE public.profiles_profilesactivity (
    id integer NOT NULL,
    name character varying(50) NOT NULL
);


ALTER TABLE public.profiles_profilesactivity OWNER TO postgres;

--
-- Name: profiles_profilesactivity_id_seq; Type: SEQUENCE; Schema: public; Owner: postgres
--

ALTER TABLE public.profiles_profilesactivity ALTER COLUMN id ADD GENERATED BY DEFAULT AS IDENTITY (
    SEQUENCE NAME public.profiles_profilesactivity_id_seq
    START WITH 1
    INCREMENT BY 1
    NO MINVALUE
    NO MAXVALUE
    CACHE 1
);


--
-- Name: profiles_profilescategory; Type: TABLE; Schema: public; Owner: postgres
--

CREATE TABLE public.profiles_profilescategory (
    id integer NOT NULL,
    name character varying(50) NOT NULL
);


ALTER TABLE public.profiles_profilescategory OWNER TO postgres;

--
-- Name: profiles_profilescategory_id_seq; Type: SEQUENCE; Schema: public; Owner: postgres
--

ALTER TABLE public.profiles_profilescategory ALTER COLUMN id ADD GENERATED BY DEFAULT AS IDENTITY (
    SEQUENCE NAME public.profiles_profilescategory_id_seq
    START WITH 1
    INCREMENT BY 1
    NO MINVALUE
    NO MAXVALUE
    CACHE 1
);


--
-- Name: profiles_profilesimage; Type: TABLE; Schema: public; Owner: postgres
--

CREATE TABLE public.profiles_profilesimage (
    id integer NOT NULL,
    name character varying(128) NOT NULL,
    path character varying(128) NOT NULL,
    profile_id_id integer NOT NULL
);


ALTER TABLE public.profiles_profilesimage OWNER TO postgres;

--
-- Name: profiles_profilesimage_id_seq; Type: SEQUENCE; Schema: public; Owner: postgres
--

ALTER TABLE public.profiles_profilesimage ALTER COLUMN id ADD GENERATED BY DEFAULT AS IDENTITY (
    SEQUENCE NAME public.profiles_profilesimage_id_seq
    START WITH 1
    INCREMENT BY 1
    NO MINVALUE
    NO MAXVALUE
    CACHE 1
);


--
-- Name: profiles_profilesprofileactivities; Type: TABLE; Schema: public; Owner: postgres
--

CREATE TABLE public.profiles_profilesprofileactivities (
    id bigint NOT NULL,
    activity_id_id integer NOT NULL,
    profile_id_id integer NOT NULL
);


ALTER TABLE public.profiles_profilesprofileactivities OWNER TO postgres;

--
-- Name: profiles_profilesprofileactivities_id_seq; Type: SEQUENCE; Schema: public; Owner: postgres
--

ALTER TABLE public.profiles_profilesprofileactivities ALTER COLUMN id ADD GENERATED BY DEFAULT AS IDENTITY (
    SEQUENCE NAME public.profiles_profilesprofileactivities_id_seq
    START WITH 1
    INCREMENT BY 1
    NO MINVALUE
    NO MAXVALUE
    CACHE 1
);


--
-- Name: profiles_profilesprofilecategories; Type: TABLE; Schema: public; Owner: postgres
--

CREATE TABLE public.profiles_profilesprofilecategories (
    id bigint NOT NULL,
    category_id integer NOT NULL,
    profile_id integer NOT NULL
);


ALTER TABLE public.profiles_profilesprofilecategories OWNER TO postgres;

--
-- Name: profiles_profilesprofilecategories_id_seq; Type: SEQUENCE; Schema: public; Owner: postgres
--

ALTER TABLE public.profiles_profilesprofilecategories ALTER COLUMN id ADD GENERATED BY DEFAULT AS IDENTITY (
    SEQUENCE NAME public.profiles_profilesprofilecategories_id_seq
    START WITH 1
    INCREMENT BY 1
    NO MINVALUE
    NO MAXVALUE
    CACHE 1
);


--
-- Name: profiles_profilesprofileregion; Type: TABLE; Schema: public; Owner: postgres
--

CREATE TABLE public.profiles_profilesprofileregion (
    id bigint NOT NULL,
    is_official boolean NOT NULL,
    profile_id integer NOT NULL,
    region_id bigint NOT NULL
);


ALTER TABLE public.profiles_profilesprofileregion OWNER TO postgres;

--
-- Name: profiles_profilesprofileregion_id_seq; Type: SEQUENCE; Schema: public; Owner: postgres
--

ALTER TABLE public.profiles_profilesprofileregion ALTER COLUMN id ADD GENERATED BY DEFAULT AS IDENTITY (
    SEQUENCE NAME public.profiles_profilesprofileregion_id_seq
    START WITH 1
    INCREMENT BY 1
    NO MINVALUE
    NO MAXVALUE
    CACHE 1
);


--
-- Name: profiles_profilesregion; Type: TABLE; Schema: public; Owner: postgres
--

CREATE TABLE public.profiles_profilesregion (
    id bigint NOT NULL,
    name_en character varying(128) NOT NULL,
    name_ua character varying(128) NOT NULL
);


ALTER TABLE public.profiles_profilesregion OWNER TO postgres;

--
-- Name: profiles_profilesregion_id_seq; Type: SEQUENCE; Schema: public; Owner: postgres
--

ALTER TABLE public.profiles_profilesregion ALTER COLUMN id ADD GENERATED BY DEFAULT AS IDENTITY (
    SEQUENCE NAME public.profiles_profilesregion_id_seq
    START WITH 1
    INCREMENT BY 1
    NO MINVALUE
    NO MAXVALUE
    CACHE 1
);


--
-- Name: profiles_savedcompany; Type: TABLE; Schema: public; Owner: postgres
--

CREATE TABLE public.profiles_savedcompany (
    id bigint NOT NULL,
    added_at timestamp with time zone NOT NULL,
    company_id integer NOT NULL,
    user_id bigint NOT NULL
);


ALTER TABLE public.profiles_savedcompany OWNER TO postgres;

--
-- Name: profiles_savedcompany_id_seq; Type: SEQUENCE; Schema: public; Owner: postgres
--

ALTER TABLE public.profiles_savedcompany ALTER COLUMN id ADD GENERATED BY DEFAULT AS IDENTITY (
    SEQUENCE NAME public.profiles_savedcompany_id_seq
    START WITH 1
    INCREMENT BY 1
    NO MINVALUE
    NO MAXVALUE
    CACHE 1
);


--
-- Name: profiles_viewedcompany; Type: TABLE; Schema: public; Owner: postgres
--

CREATE TABLE public.profiles_viewedcompany (
    id bigint NOT NULL,
    date timestamp with time zone NOT NULL,
    company_id integer NOT NULL,
    user_id bigint NOT NULL
);


ALTER TABLE public.profiles_viewedcompany OWNER TO postgres;

--
-- Name: profiles_viewedcompany_id_seq; Type: SEQUENCE; Schema: public; Owner: postgres
--

ALTER TABLE public.profiles_viewedcompany ALTER COLUMN id ADD GENERATED BY DEFAULT AS IDENTITY (
    SEQUENCE NAME public.profiles_viewedcompany_id_seq
    START WITH 1
    INCREMENT BY 1
    NO MINVALUE
    NO MAXVALUE
    CACHE 1
);


--
-- Data for Name: auth_group; Type: TABLE DATA; Schema: public; Owner: postgres
--

COPY public.auth_group (id, name) FROM stdin;
\.


--
-- Data for Name: auth_group_permissions; Type: TABLE DATA; Schema: public; Owner: postgres
--

COPY public.auth_group_permissions (id, group_id, permission_id) FROM stdin;
\.


--
-- Data for Name: auth_permission; Type: TABLE DATA; Schema: public; Owner: postgres
--

COPY public.auth_permission (id, name, content_type_id, codename) FROM stdin;
1	Can add log entry	1	add_logentry
2	Can change log entry	1	change_logentry
3	Can delete log entry	1	delete_logentry
4	Can view log entry	1	view_logentry
5	Can add permission	2	add_permission
6	Can change permission	2	change_permission
7	Can delete permission	2	delete_permission
8	Can view permission	2	view_permission
9	Can add group	3	add_group
10	Can change group	3	change_group
11	Can delete group	3	delete_group
12	Can view group	3	view_group
13	Can add content type	4	add_contenttype
14	Can change content type	4	change_contenttype
15	Can delete content type	4	delete_contenttype
16	Can view content type	4	view_contenttype
17	Can add session	5	add_session
18	Can change session	5	change_session
19	Can delete session	5	delete_session
20	Can view session	5	view_session
21	Can add Token	6	add_token
22	Can change Token	6	change_token
23	Can delete Token	6	delete_token
24	Can view Token	6	view_token
25	Can add token	7	add_tokenproxy
26	Can change token	7	change_tokenproxy
27	Can delete token	7	delete_tokenproxy
28	Can view token	7	view_tokenproxy
29	Can add custom user	8	add_customuser
30	Can change custom user	8	change_customuser
31	Can delete custom user	8	delete_customuser
32	Can view custom user	8	view_customuser
33	Can add profile	9	add_profile
34	Can change profile	9	change_profile
35	Can delete profile	9	delete_profile
36	Can view profile	9	view_profile
37	Can add profiles activity	10	add_profilesactivity
38	Can change profiles activity	10	change_profilesactivity
39	Can delete profiles activity	10	delete_profilesactivity
40	Can view profiles activity	10	view_profilesactivity
41	Can add profiles category	11	add_profilescategory
42	Can change profiles category	11	change_profilescategory
43	Can delete profiles category	11	delete_profilescategory
44	Can view profiles category	11	view_profilescategory
45	Can add profiles region	12	add_profilesregion
46	Can change profiles region	12	change_profilesregion
47	Can delete profiles region	12	delete_profilesregion
48	Can view profiles region	12	view_profilesregion
49	Can add saved company	13	add_savedcompany
50	Can change saved company	13	change_savedcompany
51	Can delete saved company	13	delete_savedcompany
52	Can view saved company	13	view_savedcompany
53	Can add profiles profile region	14	add_profilesprofileregion
54	Can change profiles profile region	14	change_profilesprofileregion
55	Can delete profiles profile region	14	delete_profilesprofileregion
56	Can view profiles profile region	14	view_profilesprofileregion
57	Can add profiles profile categories	15	add_profilesprofilecategories
58	Can change profiles profile categories	15	change_profilesprofilecategories
59	Can delete profiles profile categories	15	delete_profilesprofilecategories
60	Can view profiles profile categories	15	view_profilesprofilecategories
61	Can add profiles profile activities	16	add_profilesprofileactivities
62	Can change profiles profile activities	16	change_profilesprofileactivities
63	Can delete profiles profile activities	16	delete_profilesprofileactivities
64	Can view profiles profile activities	16	view_profilesprofileactivities
65	Can add profiles image	17	add_profilesimage
66	Can change profiles image	17	change_profilesimage
67	Can delete profiles image	17	delete_profilesimage
68	Can view profiles image	17	view_profilesimage
69	Can add viewed company	18	add_viewedcompany
70	Can change viewed company	18	change_viewedcompany
71	Can delete viewed company	18	delete_viewedcompany
72	Can view viewed company	18	view_viewedcompany
\.


--
-- Data for Name: authentication_customuser; Type: TABLE DATA; Schema: public; Owner: postgres
--

COPY public.authentication_customuser (id, password, last_login, email, name, surname, is_active, is_staff, is_superuser) FROM stdin;
1	pbkdf2_sha256$600000$9GCDfbIZzoStHFknVhMmK5$uWxOdcroEukDhrCAvkLKOxsOtSQSvUqQpTBK+2OA11o=	2024-03-14 00:46:04.247534+00	admin@admin.com			t	t	t
2	password1	2023-11-30 14:04:51.640184+02	user1@example.com	Alice	Johnson	t	f	f
3	password2	2023-11-30 14:04:51.640184+02	user2@example.com	Bob	Smith	t	f	f
4	password3	2023-11-30 14:04:51.640184+02	user3@example.com	Charlie	Williams	t	f	f
5	password4	2023-11-30 14:04:51.640184+02	user4@example.com	Diana	Brown	t	f	f
6	password5	2023-11-30 14:04:51.640184+02	user5@example.com	Edward	Jones	t	f	f
7	password6	2023-11-30 14:04:51.640184+02	user6@example.com	Fiona	Miller	t	f	f
8	password7	2023-11-30 14:04:51.640184+02	user7@example.com	George	Davis	t	f	f
9	password8	2023-11-30 14:04:51.640184+02	user8@example.com	Helen	Taylor	t	f	f
10	password9	2023-11-30 14:04:51.640184+02	user9@example.com	Ivan	Anderson	t	f	f
11	password10	2023-11-30 14:04:51.640184+02	user10@example.com	Jessica	White	t	f	f
12	password11	2023-11-30 14:04:51.640184+02	user11@example.com	Kevin	Martin	t	f	f
13	password12	2023-11-30 14:04:51.640184+02	user12@example.com	Linda	Hall	t	f	f
14	password13	2023-11-30 14:04:51.640184+02	user13@example.com	Michael	Clark	t	f	f
15	password14	2023-11-30 14:04:51.640184+02	user14@example.com	Natalie	Miller	t	f	f
16	password15	2023-11-30 14:04:51.640184+02	user15@example.com	Oliver	Moore	t	f	f
17	password16	2023-11-30 14:04:51.640184+02	user16@example.com	Paula	Anderson	t	f	f
18	password17	2023-11-30 14:04:51.640184+02	user17@example.com	Quincy	Walker	t	f	f
19	password18	2023-11-30 14:04:51.640184+02	user18@example.com	Rachel	Smith	t	f	f
20	password19	2023-11-30 14:04:51.640184+02	user19@example.com	Samuel	Hill	t	f	f
21	password20	2023-11-30 14:04:51.640184+02	user20@example.com	Tina	Parker	t	f	f
22	pbkdf2_sha256$600000$9okjOHbjCrJFCt1gPtyFOa$TRbwAa5gKUlT0j0eH6gl4QoZ7YOMN6LTHc4PgowDo10=	2023-12-05 21:24:52.191002+02	test2@test.ua			t	t	t
23	pbkdf2_sha256$600000$JIzzuKSuHGRjJn33fIkc5X$Nvdjl9WtpaJ83IR7dkmf/wyUL4hoKEr8a09KMcRgWn4=	2023-12-06 22:55:08.845352+02	test1@test.ua			t	t	t
24	pbkdf2_sha256$600000$3m4fN6vrPlPQaoFvgHA8lU$VFuTvK7R4viqfZ5JGIcxERaGdEUbmnAh5cVdKEuwcJs=	2023-12-07 09:55:43.353977+02	test@test.ua			t	t	t
\.


--
-- Data for Name: authtoken_token; Type: TABLE DATA; Schema: public; Owner: postgres
--

COPY public.authtoken_token (key, created, user_id) FROM stdin;
\.


--
-- Data for Name: django_admin_log; Type: TABLE DATA; Schema: public; Owner: postgres
--

COPY public.django_admin_log (id, action_time, object_id, object_repr, action_flag, change_message, content_type_id, user_id) FROM stdin;
\.


--
-- Data for Name: django_content_type; Type: TABLE DATA; Schema: public; Owner: postgres
--

COPY public.django_content_type (id, app_label, model) FROM stdin;
1	admin	logentry
2	auth	permission
3	auth	group
4	contenttypes	contenttype
5	sessions	session
6	authtoken	token
7	authtoken	tokenproxy
8	authentication	customuser
9	profiles	profile
10	profiles	profilesactivity
11	profiles	profilescategory
12	profiles	profilesregion
13	profiles	savedcompany
14	profiles	profilesprofileregion
15	profiles	profilesprofilecategories
16	profiles	profilesprofileactivities
17	profiles	profilesimage
18	profiles	viewedcompany
\.


--
-- Data for Name: django_migrations; Type: TABLE DATA; Schema: public; Owner: postgres
--

COPY public.django_migrations (id, app, name, applied) FROM stdin;
1	contenttypes	0001_initial	2023-11-29 22:04:26.048086+02
2	authentication	0001_initial	2023-11-29 22:04:26.071414+02
3	admin	0001_initial	2023-11-29 22:04:26.104926+02
4	admin	0002_logentry_remove_auto_add	2023-11-29 22:04:26.113507+02
5	admin	0003_logentry_add_action_flag_choices	2023-11-29 22:04:26.120795+02
6	contenttypes	0002_remove_content_type_name	2023-11-29 22:04:26.136188+02
7	auth	0001_initial	2023-11-29 22:04:26.210728+02
8	auth	0002_alter_permission_name_max_length	2023-11-29 22:04:26.220717+02
9	auth	0003_alter_user_email_max_length	2023-11-29 22:04:26.229939+02
10	auth	0004_alter_user_username_opts	2023-11-29 22:04:26.240145+02
11	auth	0005_alter_user_last_login_null	2023-11-29 22:04:26.251991+02
12	auth	0006_require_contenttypes_0002	2023-11-29 22:04:26.256065+02
13	auth	0007_alter_validators_add_error_messages	2023-11-29 22:04:26.26546+02
14	auth	0008_alter_user_username_max_length	2023-11-29 22:04:26.273756+02
15	auth	0009_alter_user_last_name_max_length	2023-11-29 22:04:26.284318+02
16	auth	0010_alter_group_name_max_length	2023-11-29 22:04:26.305959+02
17	auth	0011_update_proxy_permissions	2023-11-29 22:04:26.318761+02
18	auth	0012_alter_user_first_name_max_length	2023-11-29 22:04:26.327338+02
19	authtoken	0001_initial	2023-11-29 22:04:26.358264+02
20	authtoken	0002_auto_20160226_1747	2023-11-29 22:04:26.386477+02
21	authtoken	0003_tokenproxy	2023-11-29 22:04:26.392433+02
22	profiles	0001_initial	2023-11-29 22:04:26.645962+02
23	sessions	0001_initial	2023-11-29 22:04:26.66902+02
\.


--
-- Data for Name: django_session; Type: TABLE DATA; Schema: public; Owner: postgres
--

COPY public.django_session (session_key, session_data, expire_date) FROM stdin;
y8kjpgdh0aggsu63m8aqcpihrhr9dykg	.eJxVjMsOwiAQRf-FtSEMb1269xsIw4BUDU1KuzL-uyXpQrfnnHvfLMRtrWHreQkTsQsDdvplGNMztyHoEdt95mlu6zIhHwk_bOe3mfLrerR_BzX2OtbWKNCARWaBLlqbrfZGRhDS6B0mRyoVD4ji7IQqWtDe-ZScJmUB2OcL0eU3Ww:1r8cpA:uae7ok7uQOyJS7yw_FfH4Umb768MZTWTzJ2XLWS5kNs	2023-12-14 10:55:08.972195+02
67xlzp939lrz8garwav5i4d4xl0auk2u	.eJxVjMsOwiAQRf-FtSEMb1269xsIw4BUDU1KuzL-uyXpQrfnnHvfLMRtrWHreQkTsQsDdvplGNMztyHoEdt95mlu6zIhHwk_bOe3mfLrerR_BzX2OtbWKNCARWaBLlqbrfZGRhDS6B0mRyoVD4ji7IQqWtDe-ZScJmUB2OcL0eU3Ww:1rB9EV:2pp0NUSbCFXLoId8G17sB0C_aXkgT_kQ4qCd5B_o7Qc	2023-12-21 09:55:43.357888+02
\.


--
-- Data for Name: profiles_profile; Type: TABLE DATA; Schema: public; Owner: postgres
--

COPY public.profiles_profile (id, name, is_registered, is_startup, person_position, official_name, common_info, phone, edrpou, founded, service_info, product_info, address, startup_idea, is_deleted, person_id_id) FROM stdin;
11	Sophia Hall	t	t	HR Manager	Hall Human Resources	People-oriented professional	9876543210	12345612	2015	Human resources	Talent acquisition	321 HR St, People City	Building strong teams	f	11
2	Alice Johnson	t	f	CTO	Tech Innovations Ltd.	Passionate about technology	9876543210	65432112	2015	Software development	Mobile apps	456 Tech St, Tech City	Revolutionary mobile app	f	2
1	John Doe	t	t	CEO	Doe Corporation	Experienced entrepreneur	1234567890	1234561253	2010	Business consulting	Tech products	123 Main St, City	Innovative tech solutions	f	1
19	Isabella Moore	f	t	Lead Researcher	Moore Research Institute	Research excellence	3210987654	109876	2013	Scientific research	Cutting-edge discoveries	109 Research St, Research City	Advancing scientific knowledge	f	19
7	Daniel Taylor	f	f	Product Manager	Taylor Tech Products	Product strategy expert	2109876543	12321012	2019	Product management	Consumer electronics	432 Product St, Innovation City	Next-gen tech products	f	7
16	Henry Anderson	f	t	Co-Founder	Anderson Innovations	Innovation-driven entrepreneur	8765432109	2109871234	2010	Innovation development	Technology advancements	987 Innovation Blvd, Innovation City	Pioneering new technologies	t	16
18	Logan Hill	f	f	Operations Manager	Hill Operations	Operations efficiency expert	2109876543	87654312	2019	Operations management	Streamlined processes	543 Operations Ave, Operations City	Optimizing operational workflows	f	18
13	Emma Smith	f	t	Marketing Specialist	Smith Marketing Solutions	Marketing strategist	2109876543	876543	2014	Content marketing	Online presence	432 Marketing Lane, Ad City	Strategic marketing campaigns	f	13
15	Ava Hill	f	f	Project Manager	Hill Projects	Project management expert	3210987654	567890	2017	Project coordination	Successful project delivery	876 Project Lane, Project City	Ensuring project success	f	15
3	Bob Smith	f	t	Founder	Startup Hub	Entrepreneurship advocate	5678901234	78901212	2018	Incubation services	Various startups	789 Innovation Blvd, Startville	Empowering new ideas	t	3
14	William Davis	t	t	Lead Scientist	Davis Research Labs	Scientific exploration	9876543210	1098761245	2012	Scientific research	Cutting-edge discoveries	109 Science St, Research City	Advancing scientific knowledge	f	14
12	Noah Walker	t	f	Founder	Walker Innovations	Innovation advocate	5432109876	65432112	2018	Innovation consulting	Disruptive technologies	543 Innovation Ave, Innovation City	Driving technological breakthroughs	f	12
20	Jack Parker	t	t	Co-Founder	Parker Ventures	Venture capital enthusiast	9876543210	21098712	2011	Venture capital	Investment strategies	210 Investment Blvd, Capital City	Supporting innovative startups	f	20
5	Sam White	t	f	Marketing Director	White Marketing Agency	Marketing guru	2345678901	23456712	2017	Digital marketing	Brand promotion	890 Marketing Ave, Ad City	Innovative marketing campaigns	f	5
9	Mia Anderson	t	t	Co-Founder	Anderson Ventures	Startup enthusiast	8765432109	67890112	2011	Venture capital	Investment strategies	109 Investment St, Capital City	Supporting promising startups	f	9
6	Grace Brown	t	t	Lead Developer	Brown Software Solutions	Coding enthusiast	7890123456	89012312	2014	Web development	Custom solutions	123 Code St, Developer City	Cutting-edge web applications	f	6
10	Liam Martin	t	f	Lead Engineer	Martin Engineering	Engineering excellence	3210987654	10987612	2013	Mechanical engineering	Precision machinery	210 Engineering Blvd, Tech Town	Innovative engineering solutions	f	10
17	Ella Walker	f	t	Lead Designer	Walker Designs	Design perfectionist	5432109876	543210	2016	Graphic design	Creative solutions	210 Design St, Design City	Elevating visual aesthetics	f	17
8	Olivia Clark	t	t	Creative Director	Clark Creative Studio	Creative visionary	6543210987	54321012	2016	Graphic design	Visual storytelling	876 Design Lane, Creative City	Inspiring visual designs	t	8
4	Eva Miller	t	t	COO	Miller Industries	Operations expert	3456789012	56789012	2012	Manufacturing	Industrial equipment	567 Factory St, Production City	Efficient production processes	f	4
\.


--
-- Data for Name: profiles_profilesactivity; Type: TABLE DATA; Schema: public; Owner: postgres
--

COPY public.profiles_profilesactivity (id, name) FROM stdin;
\.


--
-- Data for Name: profiles_profilescategory; Type: TABLE DATA; Schema: public; Owner: postgres
--

COPY public.profiles_profilescategory (id, name) FROM stdin;
\.


--
-- Data for Name: profiles_profilesimage; Type: TABLE DATA; Schema: public; Owner: postgres
--

COPY public.profiles_profilesimage (id, name, path, profile_id_id) FROM stdin;
22	test.jpeg	image	1
24	test.jpeg	image	2
26	test.jpeg	image	3
28	test.jpeg	image	4
30	test.jpeg	image	5
32	test.jpeg	image	6
34	test.jpeg	image	7
36	test.jpeg	image	8
38	test.jpeg	image	9
40	test.jpeg	image	10
21	test.png	logo	1
23	test.png	logo	2
25	test.png	logo	3
27	test.png	logo	4
29	test.png	logo	5
31	test.png	logo	6
33	test.png	logo	7
35	test.png	logo	8
37	test.png	logo	9
39	test.png	logo	10
41	test.jpeg	image	11
42	test.png	logo	11
43	test.jpeg	image	12
44	test.png	logo	12
45	test.jpeg	image	13
46	test.png	logo	13
47	test.jpeg	image	14
48	test.png	logo	14
49	test.jpeg	image	15
50	test.png	logo	15
51	test.jpeg	image	16
52	test.png	logo	16
53	test.jpeg	image	17
54	test.png	logo	17
55	test.jpeg	image	18
56	test.png	logo	18
57	test.png	logo	3
58	test.jpeg	image	3
59	test.png	logo	7
60	test.jpeg	image	7
61	test.png	logo	18
\.


--
-- Data for Name: profiles_profilesprofileactivities; Type: TABLE DATA; Schema: public; Owner: postgres
--

COPY public.profiles_profilesprofileactivities (id, activity_id_id, profile_id_id) FROM stdin;
\.


--
-- Data for Name: profiles_profilesprofilecategories; Type: TABLE DATA; Schema: public; Owner: postgres
--

COPY public.profiles_profilesprofilecategories (id, category_id, profile_id) FROM stdin;
\.


--
-- Data for Name: profiles_profilesprofileregion; Type: TABLE DATA; Schema: public; Owner: postgres
--

COPY public.profiles_profilesprofileregion (id, is_official, profile_id, region_id) FROM stdin;
1	f	1	1
2	f	2	2
4	f	4	4
5	f	5	5
6	f	6	6
7	f	6	7
9	f	6	9
10	f	6	10
11	f	11	1
12	f	12	2
13	f	13	3
14	f	14	4
15	f	15	5
16	f	16	6
17	f	17	7
18	f	18	8
19	f	19	9
20	f	20	10
21	f	1	1
22	f	2	2
24	f	4	4
25	f	5	5
26	f	6	6
27	f	6	7
28	f	6	8
31	f	11	1
32	f	12	2
33	f	13	3
34	f	14	4
35	f	5	6
36	f	16	6
37	f	17	7
38	f	18	8
39	f	19	9
40	f	20	10
41	f	1	1
42	f	2	2
43	f	3	3
44	f	4	4
45	f	5	5
46	f	6	6
47	f	6	7
48	f	6	8
49	f	6	9
50	f	6	10
51	f	11	1
52	f	12	2
53	f	13	3
54	f	14	4
55	f	5	6
56	f	16	6
57	f	17	7
58	f	18	8
59	f	19	9
60	f	20	10
8	f	7	8
23	f	3	5
29	f	7	9
30	f	7	10
3	f	3	2
\.


--
-- Data for Name: profiles_profilesregion; Type: TABLE DATA; Schema: public; Owner: postgres
--

COPY public.profiles_profilesregion (id, name_en, name_ua) FROM stdin;
1	Vinnytsia	Вінницька
2	Volyn	Волинська
3	Dnipropetrovsk	Дніпропетровська
4	Donetsk	Донецька
5	Zhytomyr	Житомирська
6	Zakarpattia	Закарпатська
7	Zaporizhia	Запорізька
8	Ivano-Frankivsk	Івано-Франківська
9	Kyiv	Київська
10	Kirovohrad	Кіровоградська
11	Luhansk	Луганська
12	Lviv	Львівська
13	Mykolaiv	Миколаївська
14	Odessa	Одеська
15	Poltava	Полтавська
16	Rivne	Рівненська
17	Sumy	Сумська
18	Ternopil	Тернопільська
19	Kharkiv	Харківська
20	Kherson	Херсонська
21	Khmelnytskyi	Хмельницька
22	Cherkasy	Черкаська
23	Chernihiv	Чернігівська
24	Chernivtsi	Чернівецька
25	Crimea	Автономна Республіка Крим
\.


--
-- Data for Name: profiles_savedcompany; Type: TABLE DATA; Schema: public; Owner: postgres
--

COPY public.profiles_savedcompany (id, added_at, company_id, user_id) FROM stdin;
1	2023-12-01 14:43:07.301834+02	1	1
2	2023-12-01 14:43:07.301834+02	2	2
4	2023-12-01 14:43:07.301834+02	4	4
6	2023-12-01 14:43:07.301834+02	6	6
7	2023-12-01 14:43:07.301834+02	7	7
8	2023-12-01 14:43:07.301834+02	8	8
9	2023-12-01 14:43:07.301834+02	9	9
10	2023-12-01 14:43:07.301834+02	10	10
11	2023-12-01 14:43:07.301834+02	11	11
12	2023-12-01 14:43:07.301834+02	12	12
13	2023-12-01 14:43:07.301834+02	13	13
14	2023-12-01 14:43:07.301834+02	14	14
15	2023-12-01 14:43:07.301834+02	15	15
16	2023-12-01 14:43:07.301834+02	16	16
17	2023-12-01 14:43:07.301834+02	17	17
18	2023-12-01 14:43:07.301834+02	18	18
19	2023-12-01 14:43:07.301834+02	19	19
20	2023-12-01 14:43:07.301834+02	20	20
5	2023-12-01 14:43:07.301834+02	5	5
3	2023-12-01 14:43:07.301834+02	3	3
\.


--
-- Data for Name: profiles_viewedcompany; Type: TABLE DATA; Schema: public; Owner: postgres
--

COPY public.profiles_viewedcompany (id, date, company_id, user_id) FROM stdin;
\.


--
-- Name: auth_group_id_seq; Type: SEQUENCE SET; Schema: public; Owner: postgres
--

SELECT pg_catalog.setval('public.auth_group_id_seq', 1, false);


--
-- Name: auth_group_permissions_id_seq; Type: SEQUENCE SET; Schema: public; Owner: postgres
--

SELECT pg_catalog.setval('public.auth_group_permissions_id_seq', 1, false);


--
-- Name: auth_permission_id_seq; Type: SEQUENCE SET; Schema: public; Owner: postgres
--

SELECT pg_catalog.setval('public.auth_permission_id_seq', 72, true);


--
-- Name: authentication_customuser_id_seq; Type: SEQUENCE SET; Schema: public; Owner: postgres
--

SELECT pg_catalog.setval('public.authentication_customuser_id_seq', 23, true);


--
-- Name: django_admin_log_id_seq; Type: SEQUENCE SET; Schema: public; Owner: postgres
--

SELECT pg_catalog.setval('public.django_admin_log_id_seq', 1, false);


--
-- Name: django_content_type_id_seq; Type: SEQUENCE SET; Schema: public; Owner: postgres
--

SELECT pg_catalog.setval('public.django_content_type_id_seq', 18, true);


--
-- Name: django_migrations_id_seq; Type: SEQUENCE SET; Schema: public; Owner: postgres
--

SELECT pg_catalog.setval('public.django_migrations_id_seq', 23, true);


--
-- Name: profiles_profile_id_seq; Type: SEQUENCE SET; Schema: public; Owner: postgres
--

SELECT pg_catalog.setval('public.profiles_profile_id_seq', 20, true);


--
-- Name: profiles_profilesactivity_id_seq; Type: SEQUENCE SET; Schema: public; Owner: postgres
--

SELECT pg_catalog.setval('public.profiles_profilesactivity_id_seq', 1, false);


--
-- Name: profiles_profilescategory_id_seq; Type: SEQUENCE SET; Schema: public; Owner: postgres
--

SELECT pg_catalog.setval('public.profiles_profilescategory_id_seq', 1, false);


--
-- Name: profiles_profilesimage_id_seq; Type: SEQUENCE SET; Schema: public; Owner: postgres
--

SELECT pg_catalog.setval('public.profiles_profilesimage_id_seq', 61, true);


--
-- Name: profiles_profilesprofileactivities_id_seq; Type: SEQUENCE SET; Schema: public; Owner: postgres
--

SELECT pg_catalog.setval('public.profiles_profilesprofileactivities_id_seq', 1, false);


--
-- Name: profiles_profilesprofilecategories_id_seq; Type: SEQUENCE SET; Schema: public; Owner: postgres
--

SELECT pg_catalog.setval('public.profiles_profilesprofilecategories_id_seq', 1, false);


--
-- Name: profiles_profilesprofileregion_id_seq; Type: SEQUENCE SET; Schema: public; Owner: postgres
--

SELECT pg_catalog.setval('public.profiles_profilesprofileregion_id_seq', 60, true);


--
-- Name: profiles_profilesregion_id_seq; Type: SEQUENCE SET; Schema: public; Owner: postgres
--

SELECT pg_catalog.setval('public.profiles_profilesregion_id_seq', 25, true);


--
-- Name: profiles_savedcompany_id_seq; Type: SEQUENCE SET; Schema: public; Owner: postgres
--

SELECT pg_catalog.setval('public.profiles_savedcompany_id_seq', 20, true);


--
-- Name: profiles_viewedcompany_id_seq; Type: SEQUENCE SET; Schema: public; Owner: postgres
--

SELECT pg_catalog.setval('public.profiles_viewedcompany_id_seq', 1, false);


--
-- Name: auth_group auth_group_name_key; Type: CONSTRAINT; Schema: public; Owner: postgres
--

ALTER TABLE ONLY public.auth_group
    ADD CONSTRAINT auth_group_name_key UNIQUE (name);


--
-- Name: auth_group_permissions auth_group_permissions_group_id_permission_id_0cd325b0_uniq; Type: CONSTRAINT; Schema: public; Owner: postgres
--

ALTER TABLE ONLY public.auth_group_permissions
    ADD CONSTRAINT auth_group_permissions_group_id_permission_id_0cd325b0_uniq UNIQUE (group_id, permission_id);


--
-- Name: auth_group_permissions auth_group_permissions_pkey; Type: CONSTRAINT; Schema: public; Owner: postgres
--

ALTER TABLE ONLY public.auth_group_permissions
    ADD CONSTRAINT auth_group_permissions_pkey PRIMARY KEY (id);


--
-- Name: auth_group auth_group_pkey; Type: CONSTRAINT; Schema: public; Owner: postgres
--

ALTER TABLE ONLY public.auth_group
    ADD CONSTRAINT auth_group_pkey PRIMARY KEY (id);


--
-- Name: auth_permission auth_permission_content_type_id_codename_01ab375a_uniq; Type: CONSTRAINT; Schema: public; Owner: postgres
--

ALTER TABLE ONLY public.auth_permission
    ADD CONSTRAINT auth_permission_content_type_id_codename_01ab375a_uniq UNIQUE (content_type_id, codename);


--
-- Name: auth_permission auth_permission_pkey; Type: CONSTRAINT; Schema: public; Owner: postgres
--

ALTER TABLE ONLY public.auth_permission
    ADD CONSTRAINT auth_permission_pkey PRIMARY KEY (id);


--
-- Name: authentication_customuser authentication_customuser_email_key; Type: CONSTRAINT; Schema: public; Owner: postgres
--

ALTER TABLE ONLY public.authentication_customuser
    ADD CONSTRAINT authentication_customuser_email_key UNIQUE (email);


--
-- Name: authentication_customuser authentication_customuser_pkey; Type: CONSTRAINT; Schema: public; Owner: postgres
--

ALTER TABLE ONLY public.authentication_customuser
    ADD CONSTRAINT authentication_customuser_pkey PRIMARY KEY (id);


--
-- Name: authtoken_token authtoken_token_pkey; Type: CONSTRAINT; Schema: public; Owner: postgres
--

ALTER TABLE ONLY public.authtoken_token
    ADD CONSTRAINT authtoken_token_pkey PRIMARY KEY (key);


--
-- Name: authtoken_token authtoken_token_user_id_key; Type: CONSTRAINT; Schema: public; Owner: postgres
--

ALTER TABLE ONLY public.authtoken_token
    ADD CONSTRAINT authtoken_token_user_id_key UNIQUE (user_id);


--
-- Name: django_admin_log django_admin_log_pkey; Type: CONSTRAINT; Schema: public; Owner: postgres
--

ALTER TABLE ONLY public.django_admin_log
    ADD CONSTRAINT django_admin_log_pkey PRIMARY KEY (id);


--
-- Name: django_content_type django_content_type_app_label_model_76bd3d3b_uniq; Type: CONSTRAINT; Schema: public; Owner: postgres
--

ALTER TABLE ONLY public.django_content_type
    ADD CONSTRAINT django_content_type_app_label_model_76bd3d3b_uniq UNIQUE (app_label, model);


--
-- Name: django_content_type django_content_type_pkey; Type: CONSTRAINT; Schema: public; Owner: postgres
--

ALTER TABLE ONLY public.django_content_type
    ADD CONSTRAINT django_content_type_pkey PRIMARY KEY (id);


--
-- Name: django_migrations django_migrations_pkey; Type: CONSTRAINT; Schema: public; Owner: postgres
--

ALTER TABLE ONLY public.django_migrations
    ADD CONSTRAINT django_migrations_pkey PRIMARY KEY (id);


--
-- Name: django_session django_session_pkey; Type: CONSTRAINT; Schema: public; Owner: postgres
--

ALTER TABLE ONLY public.django_session
    ADD CONSTRAINT django_session_pkey PRIMARY KEY (session_key);


--
-- Name: profiles_profile profiles_profile_pkey; Type: CONSTRAINT; Schema: public; Owner: postgres
--

ALTER TABLE ONLY public.profiles_profile
    ADD CONSTRAINT profiles_profile_pkey PRIMARY KEY (id);


--
-- Name: profiles_profilesactivity profiles_profilesactivity_pkey; Type: CONSTRAINT; Schema: public; Owner: postgres
--

ALTER TABLE ONLY public.profiles_profilesactivity
    ADD CONSTRAINT profiles_profilesactivity_pkey PRIMARY KEY (id);


--
-- Name: profiles_profilescategory profiles_profilescategory_pkey; Type: CONSTRAINT; Schema: public; Owner: postgres
--

ALTER TABLE ONLY public.profiles_profilescategory
    ADD CONSTRAINT profiles_profilescategory_pkey PRIMARY KEY (id);


--
-- Name: profiles_profilesimage profiles_profilesimage_pkey; Type: CONSTRAINT; Schema: public; Owner: postgres
--

ALTER TABLE ONLY public.profiles_profilesimage
    ADD CONSTRAINT profiles_profilesimage_pkey PRIMARY KEY (id);


--
-- Name: profiles_profilesprofileactivities profiles_profilesprofileactivities_pkey; Type: CONSTRAINT; Schema: public; Owner: postgres
--

ALTER TABLE ONLY public.profiles_profilesprofileactivities
    ADD CONSTRAINT profiles_profilesprofileactivities_pkey PRIMARY KEY (id);


--
-- Name: profiles_profilesprofilecategories profiles_profilesprofilecategories_pkey; Type: CONSTRAINT; Schema: public; Owner: postgres
--

ALTER TABLE ONLY public.profiles_profilesprofilecategories
    ADD CONSTRAINT profiles_profilesprofilecategories_pkey PRIMARY KEY (id);


--
-- Name: profiles_profilesprofileregion profiles_profilesprofileregion_pkey; Type: CONSTRAINT; Schema: public; Owner: postgres
--

ALTER TABLE ONLY public.profiles_profilesprofileregion
    ADD CONSTRAINT profiles_profilesprofileregion_pkey PRIMARY KEY (id);


--
-- Name: profiles_profilesregion profiles_profilesregion_pkey; Type: CONSTRAINT; Schema: public; Owner: postgres
--

ALTER TABLE ONLY public.profiles_profilesregion
    ADD CONSTRAINT profiles_profilesregion_pkey PRIMARY KEY (id);


--
-- Name: profiles_savedcompany profiles_savedcompany_pkey; Type: CONSTRAINT; Schema: public; Owner: postgres
--

ALTER TABLE ONLY public.profiles_savedcompany
    ADD CONSTRAINT profiles_savedcompany_pkey PRIMARY KEY (id);


--
-- Name: profiles_viewedcompany profiles_viewedcompany_pkey; Type: CONSTRAINT; Schema: public; Owner: postgres
--

ALTER TABLE ONLY public.profiles_viewedcompany
    ADD CONSTRAINT profiles_viewedcompany_pkey PRIMARY KEY (id);


--
-- Name: profiles_viewedcompany profiles_viewedcompany_user_id_company_id_62cdd563_uniq; Type: CONSTRAINT; Schema: public; Owner: postgres
--

ALTER TABLE ONLY public.profiles_viewedcompany
    ADD CONSTRAINT profiles_viewedcompany_user_id_company_id_62cdd563_uniq UNIQUE (user_id, company_id);


--
-- Name: auth_group_name_a6ea08ec_like; Type: INDEX; Schema: public; Owner: postgres
--

CREATE INDEX auth_group_name_a6ea08ec_like ON public.auth_group USING btree (name varchar_pattern_ops);


--
-- Name: auth_group_permissions_group_id_b120cbf9; Type: INDEX; Schema: public; Owner: postgres
--

CREATE INDEX auth_group_permissions_group_id_b120cbf9 ON public.auth_group_permissions USING btree (group_id);


--
-- Name: auth_group_permissions_permission_id_84c5c92e; Type: INDEX; Schema: public; Owner: postgres
--

CREATE INDEX auth_group_permissions_permission_id_84c5c92e ON public.auth_group_permissions USING btree (permission_id);


--
-- Name: auth_permission_content_type_id_2f476e4b; Type: INDEX; Schema: public; Owner: postgres
--

CREATE INDEX auth_permission_content_type_id_2f476e4b ON public.auth_permission USING btree (content_type_id);


--
-- Name: authentication_customuser_email_a127f886_like; Type: INDEX; Schema: public; Owner: postgres
--

CREATE INDEX authentication_customuser_email_a127f886_like ON public.authentication_customuser USING btree (email varchar_pattern_ops);


--
-- Name: authtoken_token_key_10f0b77e_like; Type: INDEX; Schema: public; Owner: postgres
--

CREATE INDEX authtoken_token_key_10f0b77e_like ON public.authtoken_token USING btree (key varchar_pattern_ops);


--
-- Name: django_admin_log_content_type_id_c4bce8eb; Type: INDEX; Schema: public; Owner: postgres
--

CREATE INDEX django_admin_log_content_type_id_c4bce8eb ON public.django_admin_log USING btree (content_type_id);


--
-- Name: django_admin_log_user_id_c564eba6; Type: INDEX; Schema: public; Owner: postgres
--

CREATE INDEX django_admin_log_user_id_c564eba6 ON public.django_admin_log USING btree (user_id);


--
-- Name: django_session_expire_date_a5c62663; Type: INDEX; Schema: public; Owner: postgres
--

CREATE INDEX django_session_expire_date_a5c62663 ON public.django_session USING btree (expire_date);


--
-- Name: django_session_session_key_c0390e0f_like; Type: INDEX; Schema: public; Owner: postgres
--

CREATE INDEX django_session_session_key_c0390e0f_like ON public.django_session USING btree (session_key varchar_pattern_ops);


--
-- Name: profiles_profile_person_id_id_97c112ee; Type: INDEX; Schema: public; Owner: postgres
--

CREATE INDEX profiles_profile_person_id_id_97c112ee ON public.profiles_profile USING btree (person_id_id);


--
-- Name: profiles_profilesimage_profile_id_id_1e739e29; Type: INDEX; Schema: public; Owner: postgres
--

CREATE INDEX profiles_profilesimage_profile_id_id_1e739e29 ON public.profiles_profilesimage USING btree (profile_id_id);


--
-- Name: profiles_profilesprofileactivities_activity_id_id_424fa946; Type: INDEX; Schema: public; Owner: postgres
--

CREATE INDEX profiles_profilesprofileactivities_activity_id_id_424fa946 ON public.profiles_profilesprofileactivities USING btree (activity_id_id);


--
-- Name: profiles_profilesprofileactivities_profile_id_id_dcde17be; Type: INDEX; Schema: public; Owner: postgres
--

CREATE INDEX profiles_profilesprofileactivities_profile_id_id_dcde17be ON public.profiles_profilesprofileactivities USING btree (profile_id_id);


--
-- Name: profiles_profilesprofilecategories_category_id_8cd920ae; Type: INDEX; Schema: public; Owner: postgres
--

CREATE INDEX profiles_profilesprofilecategories_category_id_8cd920ae ON public.profiles_profilesprofilecategories USING btree (category_id);


--
-- Name: profiles_profilesprofilecategories_profile_id_751c5e4b; Type: INDEX; Schema: public; Owner: postgres
--

CREATE INDEX profiles_profilesprofilecategories_profile_id_751c5e4b ON public.profiles_profilesprofilecategories USING btree (profile_id);


--
-- Name: profiles_profilesprofileregion_profile_id_d0ae2749; Type: INDEX; Schema: public; Owner: postgres
--

CREATE INDEX profiles_profilesprofileregion_profile_id_d0ae2749 ON public.profiles_profilesprofileregion USING btree (profile_id);


--
-- Name: profiles_profilesprofileregion_region_id_090100f1; Type: INDEX; Schema: public; Owner: postgres
--

CREATE INDEX profiles_profilesprofileregion_region_id_090100f1 ON public.profiles_profilesprofileregion USING btree (region_id);


--
-- Name: profiles_savedcompany_company_id_6bfbe6fb; Type: INDEX; Schema: public; Owner: postgres
--

CREATE INDEX profiles_savedcompany_company_id_6bfbe6fb ON public.profiles_savedcompany USING btree (company_id);


--
-- Name: profiles_savedcompany_user_id_aa2e91d0; Type: INDEX; Schema: public; Owner: postgres
--

CREATE INDEX profiles_savedcompany_user_id_aa2e91d0 ON public.profiles_savedcompany USING btree (user_id);


--
-- Name: profiles_viewedcompany_company_id_ef92b3bf; Type: INDEX; Schema: public; Owner: postgres
--

CREATE INDEX profiles_viewedcompany_company_id_ef92b3bf ON public.profiles_viewedcompany USING btree (company_id);


--
-- Name: profiles_viewedcompany_user_id_2edd0e97; Type: INDEX; Schema: public; Owner: postgres
--

CREATE INDEX profiles_viewedcompany_user_id_2edd0e97 ON public.profiles_viewedcompany USING btree (user_id);


--
-- Name: auth_group_permissions auth_group_permissio_permission_id_84c5c92e_fk_auth_perm; Type: FK CONSTRAINT; Schema: public; Owner: postgres
--

ALTER TABLE ONLY public.auth_group_permissions
    ADD CONSTRAINT auth_group_permissio_permission_id_84c5c92e_fk_auth_perm FOREIGN KEY (permission_id) REFERENCES public.auth_permission(id) DEFERRABLE INITIALLY DEFERRED;


--
-- Name: auth_group_permissions auth_group_permissions_group_id_b120cbf9_fk_auth_group_id; Type: FK CONSTRAINT; Schema: public; Owner: postgres
--

ALTER TABLE ONLY public.auth_group_permissions
    ADD CONSTRAINT auth_group_permissions_group_id_b120cbf9_fk_auth_group_id FOREIGN KEY (group_id) REFERENCES public.auth_group(id) DEFERRABLE INITIALLY DEFERRED;


--
-- Name: auth_permission auth_permission_content_type_id_2f476e4b_fk_django_co; Type: FK CONSTRAINT; Schema: public; Owner: postgres
--

ALTER TABLE ONLY public.auth_permission
    ADD CONSTRAINT auth_permission_content_type_id_2f476e4b_fk_django_co FOREIGN KEY (content_type_id) REFERENCES public.django_content_type(id) DEFERRABLE INITIALLY DEFERRED;


--
-- Name: authtoken_token authtoken_token_user_id_35299eff_fk_authentic; Type: FK CONSTRAINT; Schema: public; Owner: postgres
--

ALTER TABLE ONLY public.authtoken_token
    ADD CONSTRAINT authtoken_token_user_id_35299eff_fk_authentic FOREIGN KEY (user_id) REFERENCES public.authentication_customuser(id) DEFERRABLE INITIALLY DEFERRED;


--
-- Name: django_admin_log django_admin_log_content_type_id_c4bce8eb_fk_django_co; Type: FK CONSTRAINT; Schema: public; Owner: postgres
--

ALTER TABLE ONLY public.django_admin_log
    ADD CONSTRAINT django_admin_log_content_type_id_c4bce8eb_fk_django_co FOREIGN KEY (content_type_id) REFERENCES public.django_content_type(id) DEFERRABLE INITIALLY DEFERRED;


--
-- Name: django_admin_log django_admin_log_user_id_c564eba6_fk_authentic; Type: FK CONSTRAINT; Schema: public; Owner: postgres
--

ALTER TABLE ONLY public.django_admin_log
    ADD CONSTRAINT django_admin_log_user_id_c564eba6_fk_authentic FOREIGN KEY (user_id) REFERENCES public.authentication_customuser(id) DEFERRABLE INITIALLY DEFERRED;


--
-- Name: profiles_profile profiles_profile_person_id_id_97c112ee_fk_authentic; Type: FK CONSTRAINT; Schema: public; Owner: postgres
--

ALTER TABLE ONLY public.profiles_profile
    ADD CONSTRAINT profiles_profile_person_id_id_97c112ee_fk_authentic FOREIGN KEY (person_id_id) REFERENCES public.authentication_customuser(id) DEFERRABLE INITIALLY DEFERRED;


--
-- Name: profiles_profilesimage profiles_profilesima_profile_id_id_1e739e29_fk_profiles_; Type: FK CONSTRAINT; Schema: public; Owner: postgres
--

ALTER TABLE ONLY public.profiles_profilesimage
    ADD CONSTRAINT profiles_profilesima_profile_id_id_1e739e29_fk_profiles_ FOREIGN KEY (profile_id_id) REFERENCES public.profiles_profile(id) DEFERRABLE INITIALLY DEFERRED;


--
-- Name: profiles_profilesprofileactivities profiles_profilespro_activity_id_id_424fa946_fk_profiles_; Type: FK CONSTRAINT; Schema: public; Owner: postgres
--

ALTER TABLE ONLY public.profiles_profilesprofileactivities
    ADD CONSTRAINT profiles_profilespro_activity_id_id_424fa946_fk_profiles_ FOREIGN KEY (activity_id_id) REFERENCES public.profiles_profilesactivity(id) DEFERRABLE INITIALLY DEFERRED;


--
-- Name: profiles_profilesprofilecategories profiles_profilespro_category_id_8cd920ae_fk_profiles_; Type: FK CONSTRAINT; Schema: public; Owner: postgres
--

ALTER TABLE ONLY public.profiles_profilesprofilecategories
    ADD CONSTRAINT profiles_profilespro_category_id_8cd920ae_fk_profiles_ FOREIGN KEY (category_id) REFERENCES public.profiles_profilescategory(id) DEFERRABLE INITIALLY DEFERRED;


--
-- Name: profiles_profilesprofilecategories profiles_profilespro_profile_id_751c5e4b_fk_profiles_; Type: FK CONSTRAINT; Schema: public; Owner: postgres
--

ALTER TABLE ONLY public.profiles_profilesprofilecategories
    ADD CONSTRAINT profiles_profilespro_profile_id_751c5e4b_fk_profiles_ FOREIGN KEY (profile_id) REFERENCES public.profiles_profile(id) DEFERRABLE INITIALLY DEFERRED;


--
-- Name: profiles_profilesprofileregion profiles_profilespro_profile_id_d0ae2749_fk_profiles_; Type: FK CONSTRAINT; Schema: public; Owner: postgres
--

ALTER TABLE ONLY public.profiles_profilesprofileregion
    ADD CONSTRAINT profiles_profilespro_profile_id_d0ae2749_fk_profiles_ FOREIGN KEY (profile_id) REFERENCES public.profiles_profile(id) DEFERRABLE INITIALLY DEFERRED;


--
-- Name: profiles_profilesprofileactivities profiles_profilespro_profile_id_id_dcde17be_fk_profiles_; Type: FK CONSTRAINT; Schema: public; Owner: postgres
--

ALTER TABLE ONLY public.profiles_profilesprofileactivities
    ADD CONSTRAINT profiles_profilespro_profile_id_id_dcde17be_fk_profiles_ FOREIGN KEY (profile_id_id) REFERENCES public.profiles_profile(id) DEFERRABLE INITIALLY DEFERRED;


--
-- Name: profiles_profilesprofileregion profiles_profilespro_region_id_090100f1_fk_profiles_; Type: FK CONSTRAINT; Schema: public; Owner: postgres
--

ALTER TABLE ONLY public.profiles_profilesprofileregion
    ADD CONSTRAINT profiles_profilespro_region_id_090100f1_fk_profiles_ FOREIGN KEY (region_id) REFERENCES public.profiles_profilesregion(id) DEFERRABLE INITIALLY DEFERRED;


--
-- Name: profiles_savedcompany profiles_savedcompan_company_id_6bfbe6fb_fk_profiles_; Type: FK CONSTRAINT; Schema: public; Owner: postgres
--

ALTER TABLE ONLY public.profiles_savedcompany
    ADD CONSTRAINT profiles_savedcompan_company_id_6bfbe6fb_fk_profiles_ FOREIGN KEY (company_id) REFERENCES public.profiles_profile(id) DEFERRABLE INITIALLY DEFERRED;


--
-- Name: profiles_savedcompany profiles_savedcompan_user_id_aa2e91d0_fk_authentic; Type: FK CONSTRAINT; Schema: public; Owner: postgres
--

ALTER TABLE ONLY public.profiles_savedcompany
    ADD CONSTRAINT profiles_savedcompan_user_id_aa2e91d0_fk_authentic FOREIGN KEY (user_id) REFERENCES public.authentication_customuser(id) DEFERRABLE INITIALLY DEFERRED;


--
-- Name: profiles_viewedcompany profiles_viewedcompa_company_id_ef92b3bf_fk_profiles_; Type: FK CONSTRAINT; Schema: public; Owner: postgres
--

ALTER TABLE ONLY public.profiles_viewedcompany
    ADD CONSTRAINT profiles_viewedcompa_company_id_ef92b3bf_fk_profiles_ FOREIGN KEY (company_id) REFERENCES public.profiles_profile(id) DEFERRABLE INITIALLY DEFERRED;


--
-- Name: profiles_viewedcompany profiles_viewedcompa_user_id_2edd0e97_fk_authentic; Type: FK CONSTRAINT; Schema: public; Owner: postgres
--

ALTER TABLE ONLY public.profiles_viewedcompany
    ADD CONSTRAINT profiles_viewedcompa_user_id_2edd0e97_fk_authentic FOREIGN KEY (user_id) REFERENCES public.authentication_customuser(id) DEFERRABLE INITIALLY DEFERRED;


--
-- PostgreSQL database dump complete
--

